{
  "prjlist": [
    {
      "projectName": "Angular 8 Training",
      "startDate": "2019-11-18T18:30:00.000Z",
      "endDate": "2019-11-22T18:30:00.000Z",
      "effortHours": "23",
      "projectCost": "32",
      "id": 1
    },
    {
      "projectName": "Angular 8 Training",
      "startDate": "2019-11-18T18:30:00.000Z",
      "endDate": "2019-11-22T18:30:00.000Z",
      "effortHours": "12",
      "projectCost": "32000",
      "id": 2
    },
    {
      "projectName": "sdjfnjkdsfnksdf",
      "startDate": "2019-11-29T18:30:00.000Z",
      "endDate": "2019-11-20T18:30:00.000Z",
      "effortHours": "34324",
      "projectCost": "3242323",
      "id": 3
    },
    {
      "projectName": "sd,fns,kdf",
      "startDate": "2019-11-18T18:30:00.000Z",
      "endDate": "2019-11-22T18:30:00.000Z",
      "effortHours": "32",
      "projectCost": "323232",
      "id": 4
    },
    {
      "projectName": "m,n,kn,asdasd",
      "startDate": "2019-11-21T18:30:00.000Z",
      "endDate": "2019-11-29T18:30:00.000Z",
      "effortHours": "12",
      "projectCost": "32000",
      "id": 5
    },
    {
      "projectName": "asdsadsadasd",
      "startDate": "2019-11-18T18:30:00.000Z",
      "endDate": "2019-11-21T18:30:00.000Z",
      "effortHours": "23",
      "projectCost": "2232",
      "id": 6
    }
  ],
  "projectinfo": [
    {
      "projectName": "Angular 8 Training",
      "startDate": "2019-11-18T18:30:00.000Z",
      "endDate": "2019-11-22T18:30:00.000Z",
      "effortHours": "23",
      "projectCost": "32",
      "id": 1
    },
    {
      "projectName": "Angular 8 Training",
      "startDate": "2019-11-18T18:30:00.000Z",
      "endDate": "2019-11-22T18:30:00.000Z",
      "effortHours": "12",
      "projectCost": "32000",
      "id": 2
    },
    {
      "projectName": "sdjfnjkdsfnksdf",
      "startDate": "2019-11-29T18:30:00.000Z",
      "endDate": "2019-11-20T18:30:00.000Z",
      "effortHours": "34324",
      "projectCost": "3242323",
      "id": 3
    },
    {
      "projectName": "sd,fns,kdf",
      "startDate": "2019-11-18T18:30:00.000Z",
      "endDate": "2019-11-22T18:30:00.000Z",
      "effortHours": "32",
      "projectCost": "323232",
      "id": 4
    },
    {
      "projectName": "m,n,kn,asdasd",
      "startDate": "2019-11-21T18:30:00.000Z",
      "endDate": "2019-11-29T18:30:00.000Z",
      "effortHours": "12",
      "projectCost": "32000",
      "id": 5
    },
    {
      "projectName": "asdsadsadasd",
      "startDate": "2019-11-18T18:30:00.000Z",
      "endDate": "2019-11-21T18:30:00.000Z",
      "effortHours": "23",
      "projectCost": "2232",
      "id": 6
    },
    {
      "projectname": "vikash",
      "startdate": "2019-11-20T18:30:00.000Z",
      "enddate": "2019-11-20T18:30:00.000Z",
      "efforthours": "12",
      "effortcost": "333",
      "id": 7
    }
  ]
}